movieId,title
1,Toy Story (1995)
2,Jumanji (1995)
3,Grumpier Old Men (1995)
4,Waiting to Exhale (1995)
5,Father of the Bride Part II (1995)
6,Heat (1995)
7,Sabrina (1995)
8,Tom and Huck (1995)
9,Sudden Death (1995)
10,GoldenEye (1995)
11,"American President, The (1995)"
12,Dracula: Dead and Loving It (1995)
13,Balto (1995)
14,Nixon (1995)
15,Cutthroat Island (1995)
16,Casino (1995)
17,Sense and Sensibility (1995)
18,Four Rooms (1995)
19,Ace Ventura: When Nature Calls (1995)
20,Money Train (1995)
21,Get Shorty (1995)
22,Copycat (1995)
23,Assassins (1995)
24,Powder (1995)
25,Leaving Las Vegas (1995)
26,Othello (1995)
27,Now and Then (1995)
28,Persuasion (1995)
29,"City of Lost Children, The (Cit√© des enfants perdus La) (1995)"
30,Shanghai Triad (Yao a yao yao dao waipo qiao) (1995)
31,Toy Story 2 (1999)
32,Jumanji: The Next Level (2019)
33,The Grudge (2020)
34,Inception (2010)
35,The Dark Knight (2008)
